ISBN,Імʼя автора,Жанр книги,Мова,Мова оригіналу,Назва видавця,Назва книги,Оригінальна назва,Перекладач,Рік видання
978-617-544-086-5,,Дітям 4-6 років,українська,,УЛА,Дюймовочка,,,2022.0
978-617-544-087-2,,Дітям 4-6 років,українська,,УЛА,Маленький Мук,,,2022.0
978-617-7678-85-3,К. Каната,Дітям 7-12 років,українська,,Наша Ідея,Чі. Життя однієї киці.Том 6,,,2021.0
978-617-7678-81-5,Т. Валенте,Дітям від 12 років,українська,,Наша Ідея,Радіант.Том 4,,,2021.0
978-617-585-280-4,М. Енде,Дітям 4-6 років,українська,,А-БА-БА-ГА-ЛА-МА-ГА,Джим Ґудзик і 13 навіжених. Книга друга,,,2024.0
978-966-7047-91-7,Р. Дал,Дітям 7-12 років,українська,,А-БА-БА-ГА-ЛА-МА-ГА,Джеймс і гігантський персик,,,2022.0
978-966-989-045-0,,Дітям 7-12 років,,,Талант,Про все на світі маленьким українцям,,,2022.0
978-966-987-602-7,,Дітям до 4-х років,українська,,ЧП «Кристал Бук»,Школа чомучки. Учимося мислити логічно. 100 розвивальних наліпок,,,2021.0
978-617-8280-89-5,Л. Адлінґтон,Дітям від 12 років,українська,,Видавництво РМ,Червона стрічка,,,2024.0
978-966-7047-29-0,Дж. К. Ролінґ,Дітям від 12 років,українська,,А-БА-БА-ГА-ЛА-МА-ГА,Гаррі Поттер і напівкровний принц. Книга 6,,,2019.0
978-617-17-0021-5,О. Шевченко,Дітям 4-6 років,українська,,Віват,1000 англійських слів,,,2023.0
978-617-7914-71-5,Паоліні К.,Дітям від 12 років,українська,,Nebo Booklab Publishing,"Ераґон, кн.1",,Володимир Артюх,2023.0
978-617-8383-26-8,Е. Портер,Дітям від 12 років,українська,,Nebo Booklab Publishing,Полліанна,,,2024.0
978-966-982-007-5,Г. Мункастер,Дітям 7-12 років,українська,,Віват,Айседора Мун потрапляє в халепу,,,2020.0
9786177846177,,Дітям 4-6 років,українська,,Ранок,Щенячий Патруль. Пригодницькі розмальовки. Торт-тастрофа,,,2024.0
978-966-993-581-6,М. Міст,Дітям 7-12 років,українська,,Bookchef,Маленька зла книжка. Книга 3,,,2021.0
978-617-679-685-5,Г. Вдовиченко,Дітям 7-12 років,українська,,Видавництво Старого Лева,36 і 6 котів-компаньйонів,,,2019.0
978-966-448-085-4,Марія Ґріпе,Дітям від 12 років,українська,,Видавництво Старого Лева,Дивовижна історія Аґнес Сесилії,,,2023.0
978-966-448-226-1,М. МакДоналд,Дітям 7-12 років,українська,,Видавництво Старого Лева,Джуді Муді у понеділковому настрої. Книга 16,,,2023.0
978-966-751-084-8,Леся Українка,Дітям від 12 років,українська,,Ранок,Мавка. Лісова пісня,,,2023.0
978-617-7678-87-7,К. Шірахама,Дітям від 12 років,українська,,Наша Ідея,Ательє чаклунських капелюхів. Том 5,,,2021.0
978-966-913-718-0,,Дітям 4-6 років,українська,,Пегас,Моя перша абетка. Абетка тварин,,,2017.0
978-617-679-647-3,Т. Янссон,Дітям 7-12 років,українська,,Видавництво Старого Лева,Країна Мумі-тролів. Книга 2,,,2005.0
9786170985262,,Дітям до 4-х років,українська,,Ранок,Малюкові про все цікаве на світі,,,2024.0
978-617-585-182-1,Дж. К. Ролінг,Дітям від 12 років,українська,,А-БА-БА-ГА-ЛА-МА-ГА,Гаррі Поттер і Келих Вогню. Книга 4  Велике ілюстроване видання,,,2019.0
978-617-15-0184-3,Т. Коллінз,Дітям 7-12 років,українська,англійська,КСД,Шерлок Бонз та справа про зниклого чарівника. Книга 3,Sherlock Bones and the Vanishing Magician,Соломарська Олена,2023.0
9789667515706,,Дітям від 12 років,українська,,Ранок,Мавка. Кольорове коло. Вода,,,2024.0
978-966-284-619-5,,Дітям до 4-х років,українська,,УЛА,Велика книга завдань з наліпками. 3–4 роки,,,2019.0
978-6-17-098478-4,Л. Ріверс,Дітям від 12 років,українська,,Ранок,Плекай свої почуття (і мисли позитивно). Книжка про емоції для дівчаток,,,2024.0
978-966-429-443-7,К. Ґір,Дітям від 12 років,українська,,ВД «Школа»,Timeless. Рубінова книга. Книга 1,,,2017.0
9786177084838,Перро Шарль,Дітям 7-12 років,українська,,Пегас,Казки. Шарль Перро,,,2022.0
978-617-7914-77-7,М. Твен,Дітям 7-12 років,українська,,Nebo Booklab Publishing,Пригоди Тома Соєра,,,2023.0
978-966-936-175-2,,Дітям 7-12 років,українська,,ЧП «Кристал Бук»,Ілюстрований атлас живої природи,,,2023.0
978-966-448-028-1,Захарченко О.,Дітям від 12 років,українська,,Видавництво Старого Лева,Метро до Темного Міста,,,2022.0
978-617-7670-58-1,О. Жукова,Дітям 7-12 років,українська,,ЧП АССА,Порадник молодшого школяра,,,2023.0
978-617-585-014-5,Малкович І.,Дітям від 12 років,українська,,А-БА-БА-ГА-ЛА-МА-ГА,100 казок. Том 3,,,2014.0
9786178253387,М. Галевська-Кустра,Дітям до 4-х років,українська,,Час Майстрів,Бодьо хоче пісяти,,,2023.0
978-966-982-170-6,Г. Блек,Дітям від 12 років,українська,,Віват,Лихий король,,,2020.0
978-617-547-469-3,,Дітям 7-12 років,українська,,ЧП «Кристал Бук»,Ви маєте це знати. Світ звірів,,,2024.0
978-617-15-0714-2,А. Шмахтль,Дітям 4-6 років,українська,німецька,КСД,Тільда Яблучне Зернятко. Книга 4. Великий переполох у Шипшиновому провулку,Tilda Apfelkern. Viel Wirbel im Heckenrosenweg,Трегубенко Олена,2024.0
978-617-15-0642-8,Л. Керролл,Дітям від 12 років,українська,,КСД,Аліса в Країні Див. Аліса в Задзеркаллі,,"Бушина Г., с.17-19 Корнієнко В.",2024.0
978-617-7678-62-4,К. Шірахама,Дітям від 12 років,українська,,Наша Ідея,Ательє чаклунських капелюхів. Том 3,,,2021.0
978-966-942-710-6,Г. Мункастер,Дітям 7-12 років,українська,,Віват,Айседора Мун їде на море,,,2019.0
9786178211240,,Дітям 4-6 років,українська,,Егмонт Україна,Класика Disney. Колекція казок,,,2023.0
9789667512934,,Дітям до 4-х років,українська,,Ранок,Сірко,,,2023.0
978-617-7678-52-5,К. Шірахама,Дітям від 12 років,українська,,Наша Ідея,Ательє чаклунських капелюхів.Том 2,,,2020.0
9789667508517,І. Сонечко,Дітям до 4-х років,українська,,Ранок,Все про цуценятко,,,2022.0
978-617-547-347-4,,Дітям 4-6 років,українська,,ЧП «Кристал Бук»,Як перестати соромитися?,,,2023.0
9786171502123,Т. Коллінз,Дітям 7-12 років,українська,англійська,КСД,Шерлок Бонз і справа про королівські прикраси. Книга 1,Sherlock Bones and the case of the Crown Jewells,,2023.0
978-617-548-160-8,Фрауке Шойнеманн,Дітям 7-12 років,українська,,Bookchef,Пригоди кота-детектива. Книга 5: Кіт під прикриттям,,,2023.0
978-966-7047-40-5,Дж. К. Ролінґ,Дітям від 12 років,українська,,А-БА-БА-ГА-ЛА-МА-ГА,Гаррі Поттер і келих вогню. Книга 4,,,2019.0
9789669135339,,Дітям 4-6 років,українська,,Пегас,Про автомобілі,,,2022.0
978-617-585-233-0,Дж. Страуд,Дітям від 12 років,українська,,А-БА-БА-ГА-ЛА-МА-ГА,"Агенція «Локвуд і Ко». Тінь, що крадеться. Книга 4",,,2022.0
978-966-429-873-2,Б. Кантіні,Дітям 7-12 років,українська,,ВД «Школа»,Мортіна і захопливий сюрприз,,,2023.0
978-966-982-193-5,А. Казаліс,Дітям 4-6 років,українська,,Віват,Велика книга про пори роки,,,2021.0
978-617-5230-15-2,Б. Селзнік,Дітям від 12 років,українська,,АРТБУКС,Винахід Гюго Кабре,,,2024.0
978-966-679-989-3,,Дітям від 12 років,українська,,Видавництво Старого Лева,Страшні дівчата,,,
978-617-7995-14-1,Н. Розлуцький,Шкільна та Навчальна,українська,,ЧП АССА,Порадник юних українців,,,2023.0
978-617-12-8308-4,Х.К. Алонсо та iн.,Дітям 7-12 років,українська,,КСД,Крейдовий  період: Динозаври та інші прадавні тварини,,,2020.0
978-617-8109-22-6,Ічіґо Такано,Дітям від 12 років,українська,,Наша Ідея,Оранж. Том 1,,,2023.0
978-617-547-470-9,,Дітям 4-6 років,українська,,ЧП «Кристал Бук»,Абетка. З Україною в серці,,,2024.0
978-617-15-0506-3,Т. Коллінз,Дітям 7-12 років,українська,англійська,КСД,Шерлок Бонз та Справа про замок з привидами. Книга 4,Sherlock Bones and the Horror of the Haunted Castle,Соломарська Олена,2024.0
978-617-548-183-7,Е. Пітерсон,Дітям від 12 років,українська,,Bookchef,Сага про Літокрилів. На березі Зловісного моря пітьми. Книга 1,,,2024.0
978-966-982-296-3,,Дітям 4-6 років,українська,,Віват,Улюблені казки Андерсена,,,2024.0
978-617-547-487-7,,Дітям до 4-х років,українська,,ЧП «Кристал Бук»,575 перших слів малюка,,,2024.0
978-966-936-764-8,Д. Лисакова,Дітям 4-6 років,українська,,ЧП «Кристал Бук»,Книжка звуків + секретні віконця,,,2018.0
978-617-548-208-7,Т. Вест,Дітям від 12 років,українська,,Bookchef,Володарі драконів. Порятунок Сонячної дракониці. Книга 2,,,2023.0
978-617-548-179-0,М. Міст,Дітям 7-12 років,українська,,Bookchef,Маленька зла книжка. СПЕЦВИПУСК,,,2023.0
978-966-942-712-0,Г. Мункастер,Дітям 7-12 років,українська,,Віват,Айседора Мун запрошує на день народження,,,2019.0
978-966-7047-47-4,Р. Дал,Дітям 7-12 років,українська,,А-БА-БА-ГА-ЛА-МА-ГА,Чарлі і шоколадна фабрика,,,2014.0
9786177131310,брати Грімм,Дітям 7-12 років,українська,,Пегас,Казки. Брати Грімм,,,2022.0
978-966-989-077-1,Заржицька Е. І.,Дітям 4-6 років,українська,,Талант,Легенди про козаків,,,2022.0
978-617-12-8103-5,"Х. К. Алонсо, Ґ. С. Пол",Дітям від 12 років,українська,,КСД,Юрський період: Динозаври та інші давні тварини,,,2020.0
9789669474803,,Дітям 7-12 років,українська,,Пегас,Енциклопедія космосу для дітей,,,2022.0
978-966-982-851-4,,Дітям 7-12 років,українська,,Віват,Дитяча енциклопедія хижаків,,,2023.0
978-617-15-0284-0,Джей Ґарнетт,Дітям до 4-х років,українська,,КСД,Хто живе у лісі? Зазирни у віконечко,,,2024.0
9789669438713,,Дітям 7-12 років,українська,,Егмонт Україна,Класика Disney. Колекція казок,,,2022.0
978-966-935-894-3,Н. Стукман,Дітям 7-12 років,українська (англійська),,Талант,Малюк Коргі,,,2020.0
978-617-7341-78-8,,Дітям до 4-х років,українська,,Талант,Читання по складах,,,2016.0
978-966-913-537-7,,Дітям до 4-х років,українська,,Пегас,Моя перша книга. Про динозаврів,,,2021.0
9789667511913,Н. Н. Коваль,Дітям до 4-х років,українська,,АРТ,Кольорові зафарбовки. Кошеня,,,2024.0
978-617-8098-28-5,,Дітям до 4-х років,українська,,Талант,Тренуємо пальчики. Транспорт,,,2022.0
9786177846290,,Дітям 4-6 років,українська,,Ранок,Щенячий Патруль. Готові до гри. Місія у місті,,,2021.0
978-617-547-490-7,,Дітям 4-6 років,українська,,ЧП «Кристал Бук»,"Виховальні казки. Усе, що важливо знати дітям",,,2024.0
978-617-547-444-0,,Дітям 4-6 років,українська,,ЧП «Кристал Бук»,Моя люба Україна. Вірші про нашу Батьківщину,,,2023.0
978-617-12-9788-3,Х.К. Алонсо,Дітям від 12 років,українська,,КСД,Наземні ссавці світу,,,2024.0
978-966-942-986-5,К. Гібберт,Дітям від 12 років,українська,,Віват,Дитяча енциклопедія планети Земля,,,2019.0
978-617-7678-31-0,К. Каната,Дітям 7-12 років,українська,,Наша Ідея,Чі. Життя однієї киці. Том 1,,,2019.0
978-617-547-483-9,,Дітям 4-6 років,українська,,ЧП «Кристал Бук»,Корисні казки,,,2024.0
978-966-982-063-1,Г. Блек,Дітям від 12 років,українська,,Віват,Жорстокий принц,,,2020.0
978-617-7678-46-4,"Ж-К. Дерр’єн, Фрижель",Дітям 7-12 років,українська,,Наша Ідея,Фріжель і Флаффі. Том 2. Турнір зірок,,,2020.0
9789669439536,,Дітям 4-6 років,українська,,Егмонт Україна,Історії на ніч. Колекція казок,,,2023.0
978-617-679-200-0,М. МакДоналд,Дітям 7-12 років,українська,,Видавництво Старого Лева,Джуді Муді стає знаменитою. Книга 2,,,2019.0
978-966-2909-45-6,Б. Шефер,Дітям 7-12 років,українська,,Видавництво Старого Лева,Кіра й таємниця бублика,,,
978-966-993-255-6,Гаррієт Бічер-Стоу,Дітям 7-12 років,українська,,Bookchef,Хатина дядька Тома,,,2020.0
978-966-982-008-2,Г. Мункастер,Дітям 7-12 років,українська,,Віват,Айседора Мун іде на ярмарок,,,2020.0
978-617-09-8023-6,укл. Т. С. Жабська,Дітям 7-12 років,українська,,Ранок,Старовинні українські легенди,,,2022.0
9789669479075,,Дітям 4-6 років,українська,,Пегас,Буквар (логопедичний),,,2023.0
978-617-548-157-8,Карлі Енн Вест,Дітям від 12 років,українська,,Bookchef,"Привіт, сусіде. Книга 4: Давні образи",,,2023.0
978-617-12-9795-1,"Б. Вілсон, В. Поттер",Дітям до 4-х років,українська,,КСД,Захопливі лабіринти. Понад 100 цікавих завдань,,,2022.0
978-966-982-200-0,Г. Блек,Дітям від 12 років,українська,,Віват,Королева порожнечі,,,2020.0
978-617-7678-60-0,"Ж-К. Дерр’єн, Фрижель",Дітям 7-12 років,українська,,Наша Ідея,Фріжель і Флаффі. Том 3. Первозданний блок,,,2021.0
978-617-547-466-2,,Дітям від 12 років,українська,,ЧП «Кристал Бук»,Статеве виховання від 0 до 18. Зрозуміла психологія,,,2024.0
978-617-585-118-0,Р. Дал,Дітям 7-12 років,українська,,А-БА-БА-ГА-ЛА-МА-ГА,Відьми,,,2016.0
978-617-679-879-8,Г. Вдовиченко,Дітям 7-12 років,українська,,Видавництво Старого Лева,36 і 6 котів-рятувальників,,,2021.0
9789669472274,,Дітям 4-6 років,українська,,Пегас,Весела ферма,,,2022.0
9786171703384,Карін-Марі Амйо,Дітям 4-6 років,українська,,Віват,Прекрасні дідусеві казочки,,,2024.0
978-966-429-445-1,К. Ґір,Дітям від 12 років,українська,,ВД «Школа»,Timeless. Смарагдова книга. Книга 3,,,2019.0
978-617-12-4206-7,Р. Стівенсон,Дітям від 12 років,українська,,КСД,Острів скарбів,,,2017.0
9789669439178,,Дітям 4-6 років,українська,,Егмонт Україна,Людина-павук 5 історій,,,2023.0
9789664665176,,Дітям 4-6 років,українська,,Пегас,Улюблені казки,,,2022.0
978-966-982-255-0,Т. Канаван,Дітям 7-12 років,українська,,Віват,Дитяча енциклопедія наукових експеритментів,,,2021.0
9789669439505,,Дітям до 4-х років,українська,,Егмонт Україна,Крижане серце. Колекція казок,,,2023.0
978-617-548-033-5,Ф. Шойнеманн,Дітям 7-12 років,українська,,Bookchef,Пригоди кота-детектива. Книга 4: Заради сардин в олії,,,2023.0
978-966-936-785-3,,Дітям 4-6 років,українська,,ЧП «Кристал Бук»,Великий виммельбух. Світ навколо тебе,,,
978-617-8109-01-1,К. Шірахама,Дітям від 12 років,українська,,Наша Ідея,Ательє чаклунських капелюхів. Том 6,,,2022.0
978-966-429-705-6,В. Федієнко,Дітям 7-12 років,українська,,ВД «Школа»,Основи швидкочитання. 25 занять. Книга-тренінг по 25 хвилин,,,2021.0
978-617-585-188-3,,Дітям від 12 років,українська,,А-БА-БА-ГА-ЛА-МА-ГА,"Агенція «Локвуд і Ко». Череп, що шепоче. Книга 2",,,2020.0
978-617-547-474-7,,Дітям 4-6 років,українська,,ЧП «Кристал Бук»,Світ почуттів та емоцій. Зрозуміла психологія,,,2024.0
978-617-585-187-6,Дж. Роулінг,Дітям від 12 років,українська,,А-БА-БА-ГА-ЛА-МА-ГА,Фантастичні звірі: Злочини Гріндельвальда,,,2022.0
9789667513016,,Дітям до 4-х років,українська,,Ранок,Коза-дереза,,,2023.0
978-966-982-704-3,,Дітям 7-12 років,українська,,Віват,Планета Земля,,,2023.0
978-966-429-444-4,К. Ґір,Дітям від 12 років,українська,,ВД «Школа»,Timeless. Сапфірова книга. Книга 2,,,2017.0
978-966-448-112-7,О. Орлова,Дітям від 12 років,українська,,Видавництво Старого Лева,Мандрівка шоколаду,,,2023.0
9789667512460,Н. Н. Коваль,Дітям до 4-х років,українська,,АРТ,Кольорові зафарбовки. Машинки,,,2024.0
978-966-448-031-1,Ройз Світлана,Дітям 4-6 років,українська,,Видавництво Старого Лева,Ключі сили,,,2022.0
9789664668818,,Дітям до 4-х років,українська,,Пегас,Три ведмеді,,,2023.0
978-966-429-736-0,М. Павленко,Дітям від 12 років,українська,,ВД «Школа»,Щоденник закоханої ідіотки,,,2024.0
978-617-09-7630-7,Булгакова Г.,Дітям 4-6 років,українська,,Ранок,Велика енциклопедія для чомусика,,,2022.0
978-966-935-310-8,,Дітям до 4-х років,українська,,Талант,Перша книга малюка,,,2017.0
9789664669761,,Дітям до 4-х років,українська,,Пегас,Івасик-Телесик,,,2023.0
978-617-00-4176-0,"О. М. Любченко, О. С. Любченко",Дітям 7-12 років,українська,,ВГ «Основа»,Англійська - це круто! Візуалізований довідник. 3-4 класи,,,2023.0
978-617-7678-63-1,Т. Валенте,Дітям від 12 років,українська,,Наша Ідея,Радіант. Том 3,,,2021.0
978-617-767-85-18,К. Каната,Дітям 7-12 років,українська,,Наша Ідея,Чі. Життя однієї киці. Том 4,,,2020.0
978-617-585-246-0,А. Кокотюха,Дітям від 12 років,українська,,А-БА-БА-ГА-ЛА-МА-ГА,Потаємні двері,,,2023.0
978-617-585-100-5,Дж. К. Ролінґ,Дітям від 12 років,українська,,А-БА-БА-ГА-ЛА-МА-ГА,Гаррі Поттер і філософський камінь. Книга 1,,,
978-966-429-005-7,В. Нестайко,Дітям 7-12 років,українська,,ВД «Школа»,"Секрет Васі Кицина. Енелолик, Уфа і Жахоб’як. Книга 2",,,2019.0
9786177084340,Г.К. Андерсен,Дітям 7-12 років,українська,,Пегас,Казки. Г.К. Андерсен,,,2022.0
978-966-429-544-1,К. Ґір,Дітям від 12 років,українська,,ВД «Школа»,Зільбер. Третя книга сновидінь,,,2019.0
978-617-15-0713-5,А. Шмахтль,Дітям 4-6 років,українська,німецька,КСД,Тільда Яблучне Зернятко. Книга 3. Чудовий рік у Шипшиновому провулку,"Tilda Apfelkern. Frühling, Sommer, Herbst und Winter",Хабарова Олена,2024.0
9786170983947,,Дітям 7-12 років,українська,,Ранок,Казки про славетних українців,,,2024.0
978-617-585-176-0,Р. Дал,Дітям 7-12 років,українська,,А-БА-БА-ГА-ЛА-МА-ГА,Чарлі і великий скляний ліфт,,,2019.0
978-617-679-109-6,МакДоналд М.,Дітям 7-12 років,українська,,Видавництво Старого Лева,Джуді Муді. Книга 1,,,2022.0
9789667508494,І. Сонечко,Дітям до 4-х років,українська,,Ранок,Все про ведмежатко,,,2022.0
978-617-585-279-8,М. Енде,Дітям 4-6 років,українська,,А-БА-БА-ГА-ЛА-МА-ГА,Джим Ґудзик і машиніст Лукас. Книга перша,,,2024.0
978-966-7047-70-2,Дж. К. Ролінґ,Дітям від 12 років,українська,,А-БА-БА-ГА-ЛА-МА-ГА,Гаррі Поттер і cмертельні реліквії. Книга 7,,,2019.0
9789667513054,,Дітям до 4-х років,українська,,Ранок,Лисичка та журавель,,,2023.0
9789669439529,,Дітям 4-6 років,українська,,Егмонт Україна,Пухнасті історії. Колекція казок,,,2023.0
978-617-7678-58-7,А. Руе,Дітям від 12 років,українська,,Наша Ідея,Аптека ароматів. Таємниця старовинних флаконів,,,2021.0
978-617-15-0516-2,А. Шмахтль,Дітям 4-6 років,українська,німецька,КСД,Тільда Яблучне Зернятко. Книга 1. Чудові історії із Шипшинового провулка,Tilda Apfelkern. Wunderbare Geschichten aus dem Heckenrosenweg,Трегубенко Олена,2024.0
9789664668771,,Дітям до 4-х років,українська,,Пегас,Кіт у чоботях,,,2023.0
978-966-672-457-4,Т. В. Погарська  та ін.,Дітям 7-12 років,українська (англійська),,Ранок,Ілюстрованний англійсько-український словник. 1-4 класи,,,
978-617-7678-44-0,К. Каната,Дітям 7-12 років,українська,,Наша Ідея,Чі. Життя однієї киці. Том 3,,,2020.0
978-617-8132-39-2,В. Фадєєва,Дітям від 12 років,українська,,Видавництво ТУТ,Доглядачка та її маяк (лімітована),,,2024.0
978-617-585-221-7,Дж. Ролінґ,Дітям 7-12 років,українська,,А-БА-БА-ГА-ЛА-МА-ГА,Різдвяна свинка,,,2021.0
978-617-679-398-4,Г. Вдовиченко,Дітям 7-12 років,українська,,Видавництво Старого Лева,36 і 6 котів-детективів,,,2017.0
978-617-12-6288-1,Л. Керролл,Дітям від 12 років,українська,,КСД,Аліса в Дивокраї,,,2020.0
9789667513047,,Дітям до 4-х років,українська,,Ранок,Котик і півник,,,2023.0
978-617-12-7918-6,М. Рід,Дітям від 12 років,українська,,КСД,Вершник без голови,,,2020.0
978-617-585-053-4,А. Кокотюха,Дітям від 12 років,українська,,А-БА-БА-ГА-ЛА-МА-ГА,Таємниця підводного човна,,,
978-617-00-4160-9,"О. М. Любченко, О. С. Любченко",Дітям 7-12 років,українська,,ВГ «Основа»,Англійська - це круто! Візуалізований довідник. 1-2 класи,,,2023.0
978-617-547-381-8,,Дітям 4-6 років,українська,,ЧП «Кристал Бук»,Корисні казки. Як подолати страхи?,,,2023.0
9789669135292,,Дітям 4-6 років,українська,,Пегас,Про свійських тварин,,,2022.0
978-617-547-486-0,,Дітям 4-6 років,українська,,ЧП «Кристал Бук»,Корисні казки. Як не давати себе ображати?,,,2024.0
978-966-429-809-1,Анна Беннінґ,Дітям від 12 років,українська,,ВД «Школа»,"День, коли світ розірвався. Вихор. Книга 1",,,2024.0
978-966-993-523-6,М. Міст,Дітям 7-12 років,українська,,Bookchef,Маленька зла книжка. Книга 1,,,2021.0
978-617-7678-48-8,Т. Валенте,Дітям від 12 років,українська,,Наша Ідея,Радіант,,,2020.0
978-966-982-383-0,,Дітям 4-6 років,українська,,Віват,Улюблені казки Перро,,,2024.0
978-617-7678-80-8,Ж-К. Дерр’єн,Дітям 7-12 років,українська,,Наша Ідея,Фріжель і Флаффі. Крижане королівство. Том 4,,,
978-617-585-245-3,Дж. Ролінґ,Дітям від 12 років,українська,,А-БА-БА-ГА-ЛА-МА-ГА,Гаррі Поттер: Чаклунський альманах. Велике ілюстроване видання,,,2023.0
9789664669051,,Дітям 4-6 років,українська,,Пегас,Українські народні казки,,,2023.0
978-617-548-156-1,"Коутон С., Брід-Ріслі К.",Дітям від 12 років,українська,,Bookchef,П’ять ночей із Фредді. Книга 3. Четверта шафка,,,2023.0
9789667513030,,Дітям до 4-х років,українська,,Ранок,Котигорошко,,,2023.0
978-617-547-485-3,,Дітям до 4-х років,українська,,ЧП «Кристал Бук»,"Самостійний малюк. Привіт, горщик!",,,2024.0
978-966-987-100-8,,Дітям до 4-х років,українська,,ЧП «Кристал Бук»,Школа чомучки. Абетка. 100 розвивальних наліпок,,,2020.0
9789669820372,Н. Довгопол,Дітям від 12 років,українська,,Віват,Шпигунки з притулку «Артеміда». Книга 1,,,2024.0
9789667508524,І. Сонечко,Дітям до 4-х років,українська,,Ранок,Все про телятко,,,2022.0
978-966-429-821-3,"Н. Царенко, В. Федієнко",Дітям 7-12 років,українська,,ВД «Школа»,Школа почуттів,,,2023.0
978-966-993-286-0,Л. Українка,Дітям 7-12 років,українська,,Bookchef,Лісова пісня. Драма-феєрія в 3-х діях,,,2021.0
978-966-7047-36-8,Дж. К. Ролінґ,Дітям від 12 років,українська,,А-БА-БА-ГА-ЛА-МА-ГА,Гаррі Поттер і в’язень Азкабану. Книга 3,,,2019.0
9789667515683,,Дітям від 12 років,українська,,Ранок,Мавка. Кольорове коло. Земля,,,2024.0
978-617-548-209-4,Ф. Шойнеманн,Дітям 7-12 років,українська,,Bookchef,Пригоди кота-детектива. Книга 6: Ліцензія на виловлення мишей,,,2023.0
9786171703391,Карін-Марі Амйо,Дітям 4-6 років,українська,,Віват,Прекрасні бабусині казочки із садочка,,,2024.0
978-617-15-0282-6,Джей Ґарнетт,Дітям до 4-х років,українська,,КСД,Хто живе в зоопарку? Зазирни у віконечко,,,2024.0
9786177846184,,Дітям 4-6 років,українська,,Ранок,Щенячий Патруль. Пригодницькі розмальовки. Літаючі кошики,,,2024.0
978-966-448-151-6,,Дітям від 12 років,українська,,Видавництво Старого Лева,"501 факт, який треба знати з історії України",,,2023.0
978-966-284-495-5,,Дітям 7-12 років,українська,,УЛА,Моя Україна,,,2022.0
978-617-09-8299-5,Рік Ріордан,Дітям від 12 років,українська,,Ранок,Персі Джексон і олімпійці. Викрадач блискавок. Книга 1,,,2024.0
9789664668764,,Дітям до 4-х років,українська,,Пегас,Червона Шапочка,,,2023.0
978-966-448-172-1,Стюарт Ґіббс,Дітям 7-12 років,українська,,Видавництво Старого Лева,Шпигунська школа,,,2023.0
978-966-7047-64-1,Р. Дал,Дітям 7-12 років,українська,,А-БА-БА-ГА-ЛА-МА-ГА,Матильда,,,
978-966-936-256-8,,Дітям від 12 років,українська,,ЧП «Кристал Бук»,Іллюстрований атлас світу,,,2019.0
978-617-585-03-05,Г.Х. Андерсен,Дітям 7-12 років,українська,,А-БА-БА-ГА-ЛА-МА-ГА,Снігова королева,,,2019.0
978-617-547-489-1,,Дітям до 4-х років,українська,,ЧП «Кристал Бук»,Самостійний малюк. Чищу зуби!,,,2024.0
9786171701410,Н. Довгопол,Дітям від 12 років,українська,,Віват,Шпигунки з притулку  «Артеміда». Скарби Богині. Книга 3,,,2024.0
978-966-987-604-1,,Дітям до 4-х років,українська,,ЧП «Кристал Бук»,Школа чомучки. Розвиваємо логіку з казкою. 70 розвивальних наліпок,,,2021.0
978-966-942-711-3,Г. Мункастер,Дітям 7-12 років,українська,,Віват,Айседора Мун іде до школи,,,2019.0
978-966-935-527-0,"укл. О. Архипова, В. Архипова-Дубро",Дітям до 4-х років,українська,,Талант,Буквар для хлопчиків,,,2018.0
978-617-15-0283-3,Джей Ґарнетт,Дітям до 4-х років,українська,,КСД,Хто живе на фермі? Зазирни у віконечко,,,2024.0
978-966-935-574-4,"укл. О. Архипова, В. Архипова-Дубро",Дітям до 4-х років,українська,,Талант,Буквар для дівчаток,,,2018.0
978-617-548-125-7,"М. Міст, Т. Гуссунґ",Дітям 7-12 років,українська,,Bookchef,Маленька зла книжка. Книга 4,,,2022.0
978-617-547-326-9,,Дітям 4-6 років,українська,,ЧП «Кристал Бук»,Як перестати боятися?,,,2023.0
978-617-547-436-5,,Дітям 4-6 років,українська,,ЧП «Кристал Бук»,Як перестати сумувати?,,,2023.0
9786178253530,М. Галевська-Кустра,Дітям до 4-х років,українська,,Час Майстрів,Бодьо каже: «Добраніч!»,,,2024.0
978-617-585-168-5,,Дітям від 12 років,українська,,А-БА-БА-ГА-ЛА-МА-ГА,Гаррі Поттер Історія магії,,,2022.0
978-617-170-231-8,,Дітям 4-6 років,українська,,Віват,У світі чарівних казок,,,2023.0
978-617-12-9620-6,Х.К. Алонсо,Дітям від 12 років,українська,,КСД,Морські тварини світу,,,2024.0
978-617-15-0022-8,Світлана Талан та Сергій Талан,Дітям 4-6 років,українська,,КСД,Чорник і Білик. Ростемо разом. Мені 5 років,,,2023.0
978-617-548-022-9,Г. Вебб,Дітям 7-12 років,українська,,Bookchef,"Вусанчик, або Сором’язливе кошеня",,,2021.0
978-966-982-650-3,Г. Мункастер,Дітям 7-12 років,українська,,Віват,Айседора Мун на шоу талантів,,,2022.0
978-617-547-278-1,,Дітям 7-12 років,українська,,ЧП «Кристал Бук»,Віршики торохтушки-лепетушки. Учимо дитину розмовляти,,,
978-966-982-651-0,Г. Мункастер,Дітям 7-12 років,українська,,Віват,Айседора Мун і зубна фея,,,2022.0
978-617-09-6986-6,С. Жуков,Дітям 7-12 років,українська,,Ранок,Україна. Від первісних часів до сьогодення,,,2021.0
978-617-00-4179-1,,Дітям 7-12 років,українська,,ВГ «Основа»,Казковий світ України,,,2023.0
978-966-429-543-4,К. Ґір,Дітям від 12 років,українська,,ВД «Школа»,Зільбер. Друга книга сновидінь,,,2019.0
978-966-935-912-4,Н. Стукман,Дітям 7-12 років,українська (англійська),,Талант,Малюк Коргі вчиться рахувати,,,2020.0
9789667513009,,Дітям до 4-х років,українська,,Ранок,Івасик-Телесик,,,2023.0
978-617-7914-37-1,Ніколас Ґеннон,Дітям від 12 років,українська,,Nebo Booklab Publishing,Погано спланована пригода,,,2023.0
9789664668825,,Дітям до 4-х років,українська,,Пегас,Троє поросят,,,2023.0
978-966-429-312-6,,Дітям до 4-х років,українська,,ВД «Школа»,Котик і півник,,,2017.0
978-617-585-164-7,Дж. Страуд,Дітям від 12 років,українська,,А-БА-БА-ГА-ЛА-МА-ГА,"Агенція «Локвуд і Ко». Сходи, що кричать. Книга 1",,,2019.0
978-966-936-766-2,,Дітям до 4-х років,українська,,ЧП «Кристал Бук»,"Перша книжка матусі. Розвивальні завдання, веселі ігри, потішки, віршики та пісеньки",,,2018.0
9789664668757,,Дітям до 4-х років,українська,,Пегас,Марійка та ведмідь,,,2023.0
978-617-585-124-1,Дж. Роулінг,Дітям від 12 років,українська,,А-БА-БА-ГА-ЛА-МА-ГА,Фантастичні звірі і де їх шукати (кіносценарій),,,2022.0
9789664663172,,Дітям 7-12 років,українська,,Пегас,Енциклопедія транспорту,,,2022.0
978-966-2909-35-7,Діана Вінн Джонс,Дітям від 12 років,українська,,Видавництво Старого Лева,Мандрівний замок Хаула,,,2015.0
9786170983497,Ю. Ілюха,Дітям від 12 років,українська,,Ранок,Зеро,,,2024.0
978-617-585-273-6,Джоан К. Ролінґ,Дітям 7-12 років,українська,,А-БА-БА-ГА-ЛА-МА-ГА,Казки барда Бідла,,,2024.0
9786171703339,А. Казаліс,Дітям 4-6 років,українська,,Віват,Велика книга про тварин,,,2024.0
978-966-7047-34-4,Дж. К. Ролінґ,Дітям від 12 років,українська,,А-БА-БА-ГА-ЛА-МА-ГА,Гаррі Поттер і таємна кімната. Книга 2,,,2019.0
978-966-982-274-1,А. Казаліс,Дітям 4-6 років,українська,,Віват,Бабусині казки на добраніч,,,2021.0
9789664665213,,Дітям 4-6 років,українська,,Пегас,Казки малюкам,,,2022.0
978-617-7559-74-9,Г. Вебб,Дітям 4-6 років,українська,,Bookchef,Руданчик - кошеня-безхатько,,,2019.0
978-617-686-676-3,О. Красікова,Дітям 7-12 років,українська (англійська),,Весна,Англо-український візуальний словник. Початкова школа (з транслітерацією),,,2021.0
978-966-913-780-7,,Дітям 4-6 років,українська,,Пегас,Моя перша книга. Лічба,,,2018.0
978-617-547-322-1,,Дітям 7-12 років,українська,,ЧП «Кристал Бук»,Як перестати злитися?,,,
978-617-585-131-9,Дж. К. Ролінг,Дітям від 12 років,українська,,А-БА-БА-ГА-ЛА-МА-ГА,Гаррі Поттер і в’язень Азкабану. Книга 3  Велике ілюстроване видання,,,2019.0
978-617-7678-41-9,К. Каната,Дітям 7-12 років,українська,,Наша Ідея,Чі. Життя однієї киці. Том 2,,,2020.0
978-966-982-649-7,Г. Мункастер,Дітям 7-12 років,українська,,Віват,Айседора Мун і піжамна вечірка,,,2022.0
978-617-8109-91-3,К. Шірахама,Дітям від 12 років,українська,,Наша Ідея,Ательє чаклунських капелюхів.Том 8,,,2024.0
978-966-429-771-1,В. Нестайко,Дітям 7-12 років,українська,,ВД «Школа»,Тореадори з Васюківки. Пригоди Робінзона Кукурузо,,,2023.0
978-617-679-129-4,Г. Вдовиченко,Дітям 7-12 років,українська,,Видавництво Старого Лева,36 і 6 котів,,,
978-617-7678-72-3,А. Руе,Дітям 7-12 років,українська,,Наша Ідея,Аптека ароматів. Загадка чорної квітки. Книга 2,,,2021.0
978-966-429-523-6,К. Ґір,Дітям від 12 років,українська,,ВД «Школа»,Зільбер. Перша книга сновидінь,,,2018.0
978-617-548-057-1,Ф. Шойнеманн,Дітям 7-12 років,українська,,Bookchef,Пригоди кота-детектива. Книга 2: Тихолапий агент,,,2022.0
978-617-548-222-3,Фрауке Шойнеманн,Дітям від 12 років,українська,,Bookchef,Пригоди кота-детектива. Книга 7: Полювання на Фантома,,,2024.0
978-617-7678-64-8,К. Каната,Дітям 7-12 років,українська,,Наша Ідея,Чі. Життя однієї киці. Том 5,,,2021.0
9789664668788,,Дітям до 4-х років,українська,,Пегас,Курочка ряба,,,2023.0
9786170932907,Зоман Чейнані,Дітям від 12 років,українська,,Ранок,Школа Добра і Зла. Книга 1,,,2018.0
978-966-429-013-2,В. Нестайко,Дітям 7-12 років,українська,,ВД «Школа»,Таємний агент Порча і козак Морозенко. Таємниці лісею Кондор,,,2019.0
978-966-7047-27-6,І. Малкович,Дітям 7-12 років,українська,,А-БА-БА-ГА-ЛА-МА-ГА,100 казок. Том 1,,,
978-617-09-6393-2,В. Нестайко,Дітям 7-12 років,українська,,Ранок,Неймовірні детективи. Частина 2,,,2020.0
9786170981950,Леся Українка,Дітям 7-12 років,українська,,Ранок,Мавка. Берегиня лісу,,,2023.0
978-617-8109-12-7,Т. Валенте,Дітям від 12 років,українська,,Наша Ідея,Радіант. Том 5,,,2022.0
978-966-993-580-9,М. Міст,Дітям 7-12 років,українська,,Bookchef,Маленька зла книжка. Книга 2,,,2021.0
978-617-7678-45-7,"Ж-К. Дерр’єн, Фрижель",Дітям 7-12 років,українська,,Наша Ідея,Фріжель і Флаффі. Том 1. Таємниця загублених кавунів,,,2020.0
978-617-8109-93-6,М. Брюн-Арно,Дітям від 12 років,українська,,Наша Ідея,Мемуари лісу. Том 1. Спогади Фердинанда Крота,,,2024.0
978-617-585-218-7,Дж. Страуд,Дітям від 12 років,українська,,А-БА-БА-ГА-ЛА-МА-ГА,Агенція «Локвуд і Ко». Примарний хлопець. Книга 3,,,2021.0
978-617-585-238-5,Дж. Роулинг,Дітям 7-12 років,українська,,А-БА-БА-ГА-ЛА-МА-ГА,Гаррі Поттер і Орден Фенікса. Велике ілюстроване видання,,,2022.0
978-966-284-620-1,,Дітям 4-6 років,українська,,УЛА,Велика книга завдань з наліпками. 4–5 років,,,2019.0
9789667503888,,Дітям до 4-х років,українська,,Ранок,Disney Маля. Гра з кольором. Король Лев,,,2021.0
978-617-12-8647-4,Ґ. Мур,Дітям 7-12 років,українська,англійська,КСД,Дивовижні логічні ігри для розумних дітей,Amazing Brain Games for Clever Kids,О. І. Оржицький,2021.0
978-966-448-116-5,М. МакДоналд,Дітям 7-12 років,українська,,Видавництво Старого Лева,Джуді Муді: книжкова вікторина. Книга 15,,,2023.0
978-966-448-262-9,Г. Вдовиченко,Дітям 7-12 років,українська,,Видавництво Старого Лева,36 і 6 собак,,,2024.0
9789664668795,,Дітям до 4-х років,українська,,Пегас,Ріпка,,,2023.0
978-617-585-256-9,Малкович І.,Дітям 7-12 років,українська,,А-БА-БА-ГА-ЛА-МА-ГА,Анна Ярославна: Київська князівна — королева Франції,,,2023.0
978-617-8396-18-3,М. Брюн-Арно,Дітям від 12 років,українська,,Наша Ідея,Мемуари лісу. Том 2. Щоденники Корнеліуса Лиса,,,2024.0
978-617-548-100-4,Роберт Луїс Стівенсон,Дітям від 12 років,українська,,Bookchef,Острів Скарбів,,,2023.0
978-966-982-703-6,,Дітям 7-12 років,українська,,Віват,Тварини,,,2023.0
978-617-585-248-4,Всеволод Нестайко,Дітям 7-12 років,українська,,А-БА-БА-ГА-ЛА-МА-ГА,Тореадори з Васюківки. Велике ілюстроване видання,,,2023.0
9789667514075,Ю. Каспарова,Дітям до 4-х років,українська,,Ранок,Зайчик,,,2023.0
978-966-284-618-8,,Дітям до 4-х років,українська,,УЛА,Велика книга завдань з наліпками. 2–3 роки,,,2019.0
978-966-7047-42-9,Дж. К. Ролінґ,Дітям від 12 років,українська,,А-БА-БА-ГА-ЛА-МА-ГА,Гаррі Поттер і Орден Фенікса. Книга 5,,,2019.0
978-617-585-002-2,А. Кокотюха,Дітям 7-12 років,українська,,А-БА-БА-ГА-ЛА-МА-ГА,Таємниця козацького скарбу,,,2023.0
9789667510589,Юлія Каспарова,Дітям до 4-х років,українська,,Ранок,Ведмежа,,,2023.0
9789669439499,,Дітям 4-6 років,українська,,Егмонт Україна,Людина-Павук. Нові пригоди. Магічна колекція,,,2023.0
978-617-679-164-5,Шон Кові,Дітям 7-12 років,українська,,Видавництво Старого Лева,7 звичок високоефективних підлітків,,,2023.0
9789667508661,,Дітям до 4-х років,українська,,Ранок,Хто де живе,,,2022.0
978-617-8098-27-8,,Дітям до 4-х років,українська,,Талант,Тренуємо пальчики. Принцеси,,,2022.0
978-966-982-253-6,,Дітям 7-12 років,українська,,Віват,Дитячий атлас світу,,,2023.0
978-617-548-207-0,Т. Вест,Дітям від 12 років,українська,,Bookchef,Володарі драконів. Тріумф Земляного дракона. Книга 1,,,2023.0
978-966-987-600-3,,Дітям до 4-х років,українська,,ЧП «Кристал Бук»,Школа чомучки. Твоя перша математика. 150 розвивальних наліпок,,,2021.0
978-617-547-481-5,,Дітям 4-6 років,українська,,ЧП «Кристал Бук»,Корисні казки. Як навчитися дружити?,,,2024.0
978-617-544-085-8,,Дітям 4-6 років,українська,,УЛА,Гидке каченя,,,2022.0
978-617-548-119-6,Ф. Шойнеманн,Дітям 7-12 років,українська,,Bookchef,Пригоди кота-детектива. Книга 3: Полювання на крадіїв,,,2022.0
9789667512477,Н. Н. Коваль,Дітям до 4-х років,українська,,АРТ,Кольорові зафарбовки. Корівка,,,2024.0
978-617-585-113-5,Дж. К. Ролінґ,Дітям від 12 років,українська,,А-БА-БА-ГА-ЛА-МА-ГА,Гаррі Поттер і таємна кімната. Книга 2,,,2017.0
978-966-936-833-1,,Дітям 4-6 років,українська,,ЧП «Кристал Бук»,Дізнайся секрети транспорту. Книжка з віконцями,,,2023.0
978-617-12-5635-4,Ґ. Мур,Дітям 7-12 років,українська,англійська,КСД,Математичні ігри для розумних дітей,Maths Games for Clever Kids,О. І. Оржицький,2019.0
978-617-585-112-8,"Дж. К. Ролінґ, Дж. Торн, Д. Тіффані",Дітям від 12 років,українська,,А-БА-БА-ГА-ЛА-МА-ГА,Гаррі Поттер і прокляте дитя. Книга 8,,,2019.0
978-966-429-8664,К. Ґір,Дітям від 12 років,українська,,ВД «Школа»,Замок у хмарах,,,2023.0
9789669438904,,Дітям 7-12 років,українська,,Егмонт Україна,Принцеса Рапунцель. Магічна колекція,,,2023.0
978-966-429-699-8,С. Дерманський,Дітям до 4-х років,українська,,ВД «Школа»,Малим дітям про все на світі. Енциклопедія в казках,,,2021.0
978-617-686-723-4,,Дітям 7-12 років,українська (німецька),,Весна,Лепетун. Німецько-український візуальний словник. Початкова школа (з транслітерацією),,,2023.0
978-617-548-032-8,Ф. Шойнеманн,Дітям 7-12 років,українська,,Bookchef,Пригоди кота-детектива. Книга 1: Таємна місія Вінстона,,,2021.0
978-966-429-879-4,В. Нестайко,Дітям 7-12 років,українська,,ВД «Школа»,Дивовижні пригоди в лісовій школі. Сонце серед ночі,,,2023.0
9786177846306,,Дітям 4-6 років,українська,,Ранок,Щенячий Патруль. Готові до гри. Сміливі щенята,,,2021.0
978-966-987-067-4,,Дітям 4-6 років,українська,,ЧП «Кристал Бук»,Казки. Шарль Перро. Брати Грімм,,,2023.0
978-617-679-246-8,М. МакДоналд,Дітям 7-12 років,українська,,Видавництво Старого Лева,Джуді Муді рятує світ. Книга 3,,,2019.0
9789664668801,,Дітям до 4-х років,українська,,Пегас,Солом’яний бичок,,,2023.0
978-966-982-657-2,Крістелль Дабос,Дітям від 12 років,українська,,Віват,Крізь дзеркала. Зимові заручини,,,2022.0
978-966-429-487-1,В. Федієнко,Дітям 4-6 років,українська,,ВД «Школа»,Буквар-читайлик,,,2017.0
978-617-15-0019-8,Коллінз Т.,Дітям 7-12 років,українська,,КСД,Шерлок Бонз та Справа про Маску фараона. Книга 2,,Олена Соломарська,2023.0
978-617-547-365-8,,Дітям 4-6 років,українська,,ЧП «Кристал Бук»,Як перестати ображатися?,,,2023.0
978-617-7678-75-4,К. Шірахама,Дітям від 12 років,українська,,Наша Ідея,Ательє чаклунських капелюхів. Том 4,,,2021.0
978-966-936-786-0,,Дітям 4-6 років,українська,,ЧП «Кристал Бук»,Великий виммельбух. Тварини,,,
978-966-982-187-4,Александра Крісто,Дітям від 12 років,українська,,Віват,Зруйнувати королівство,,,2022.0
978-617-15-0281-9,Джей Ґарнетт,Дітям до 4-х років,українська,,КСД,Динозаври. Зазирни у віконечко,,,2024.0
978-617-17-0475-6,,Дітям 7-12 років,українська,,Віват,Велика книга про фей і принцес,,,2024.0
978-617-15-0164-5,М. Райчук,Дітям 4-6 років,українська,,КСД,Домашня логопедія,,,2024.0
978-617-585-038-1,А. Кокотюха,Дітям від 12 років,українська,,А-БА-БА-ГА-ЛА-МА-ГА,Таємниця зміїної голови,,,2023.0
978-617-547-491-4,,Дітям 4-6 років,українська,,ЧП «Кристал Бук»,Корисні казки. Як перестати вередувати?,,,2024.0
9789667503949,,Дітям до 4-х років,українська,,Ранок,Disney Маля. Гра з кольором. Принцеса,,,2021.0
978-617-7678-49-5,К. Шірахама,Дітям від 12 років,українська,,Наша Ідея,Ательє чаклунських капелюхів.Том 1,,,2020.0
978-617-585-054-1,Р. Дал,Дітям 7-12 років,українська,,А-БА-БА-ГА-ЛА-МА-ГА,Великий дружній велетень,,В. Морозов,2014.0
9789664669754,,Дітям до 4-х років,українська,,Пегас,Пан Коцький,,,2023.0
978-966-429-841-1,В. Нестайко,Дітям 7-12 років,українська,,ВД «Школа»,Тореадори з Васюківки. Незнайомець з тринадцятої квартири,,,2024.0
978-966-987-069-8,,Дітям 7-12 років,українська,,ЧП «Кристал Бук»,Українські народні казки,,,
9789664669778,,Дітям до 4-х років,українська,,Пегас,Котигорошко,,,2023.0
978-617-7940-10-3,Ф. В. Лантер,Дітям 4-6 років,українська,,АРТБУКС,Рік Санти,,,2020.0
9789667503994,,Дітям до 4-х років,українська,,Ранок,Disney Маля. Гра з кольором. Вінні Пух,,,2021.0
978-617-15-0628-2,А. Шмахтль,Дітям 4-6 років,українська,німецька,КСД,Тільда Яблучне Зернятко. Книга 2. Друзі із Шипшинового провулка,Tilda Apfelkern. Die Freunde vom Heckenrosenweg,Хабарова Олена,2024.0
9789667508487,І. Сонечко,Дітям до 4-х років,українська,,Ранок,Все про курчатко,,,2022.0
978-617-09-6996-5,В. Нестайко,Дітям 7-12 років,українська,,Ранок,Неймовірні детективи. Частина 3,,,2021.0
9786177846160,,Дітям 4-6 років,українська,,Ранок,Щенячий Патруль. Пригодницькі розмальовки. День Дружби,,,2024.0
978-617-679-648-0,Т. Янссон,Дітям 7-12 років,українська,,Видавництво Старого Лева,Країна Мумі-тролів. Книга 3,,,2005.0
978-966-982-356-4,Н. Довгопол,Дітям від 12 років,українська,,Віват,Шпигунки з притулку «Артеміда». Колапс старого світу. Книга 2,,,2021.0
978-966-448-257-5,К. Крістофферсен,Дітям від 12 років,українська,,Видавництво Старого Лева,Знамениті також закохуються,,,2024.0
978-966-429-002-6,В. Федієнко,Дітям 4-6 років,українська,,ВД «Школа»,Буквар. Читайлик,,,2011.0
978-617-7995-09-7,О. Жукова,Дітям 7-12 років,українська,,ЧП АССА,Увесь курс початкової школи у таблицях i схемах,,,2023.0
978-966-429-810-7,Анна Беннінґ,Дітям від 12 років,українська,,ВД «Школа»,"Дівчина, яка прорвалася крізь час. Вихор. Книга 2",,,2024.0
978-966-936-691-7,,Дітям до 4-х років,українська,,ЧП «Кристал Бук»,Українські народні казки,,,2017.0
9789667515690,,Дітям від 12 років,українська,,Ранок,Мавка. Кольорове коло. Повітря,,,2024.0
978-966-948-435-2,Н. Ґейман,Дітям 7-12 років,українська,,Видавнича група КМ-БУКС,Кораліна,,,2021.0
9789667506414,Н. Н. Коваль,Дітям до 4-х років,українська,,АРТ,Кольорові зафарбовки. Лисичка,,,2024.0
978-966-2909-30-2,Б. Шефер,Дітям 7-12 років,українська,,Видавництво Старого Лева,"Пес на ім’я Мані, або Абетка грошей",,,2014.0
978-617-686-724-1,,Дітям 7-12 років,українська (польська),,Весна,Лепетун. Польсько-український візуальний словник. Початкова школа (з транслітерацією),,,2023.0
978-966-429-724-7,В. Нестайко,Дітям від 12 років,українська,,ВД «Школа»,Тореадори з Васюківки: трилогія про пригоди двох друзів,,,2022.0
978-966-7047-60-3,Е.Т.А. Гофман,Дітям 7-12 років,українська,,А-БА-БА-ГА-ЛА-МА-ГА,Крихітка Цахес,,,2009.0
978-617-8109-32-5,Т. Валенте,Дітям від 12 років,українська,,Наша Ідея,Радіант. Том 6,,,2023.0
978-617-7678-53-2,Т. Валенте,Дітям від 12 років,українська,,Наша Ідея,Радіант. Том 2,,,2021.0
978-966-429-012-5,В. Нестайко,Дітям 7-12 років,українська,,ВД «Школа»,Загадковий Яшка. Сонячний зайчик і Сонячний вовк,,,2019.0
978-617-547-418-1,,Дітям 4-6 років,українська,,ЧП «Кристал Бук»,Корисні казки. Навіщо бути ввічливим?,,,2023.0
9789667508531,І. Сонечко,Дітям до 4-х років,українська,,Ранок,Все про каченятко,,,2022.0
9789662790184,Брати Капранови,Дітям 7-12 років,українська,,Зелений пес,Веселих свят!,,,2023.0
9789667485535,,Дітям до 4-х років,українська,,Ранок,Малюкові про все на світі,,,2024.0
9786170983350,Д. Фарр,Дітям від 12 років,українська,,Ранок,Книга вкрадених снів,,,2024.0
9789664669747,,Дітям до 4-х років,українська,,Пегас,Сірко,,,2023.0
978-966-448-174-5,Люсі Гокінґ,Дітям 7-12 років,українська,,Видавництво Старого Лева,Принцеса Олівія досліджує неправильну погоду,,,2023.0
978-966-429-817-6,Керстін Ґір,Дітям від 12 років,українська,,ВД «Школа»,"Незабудка. Те, що неможливо побачити на світлі",,,2022.0
978-966-935-839-4,Ю. Ярмоленко,Дітям 7-12 років,українська,,Талант,Малечі про інтимні речі,,,2019.0
978-617-8109-37-0,К. Шірахама,Дітям від 12 років,українська,,Наша Ідея,Ательє чаклунських капелюхів.Том 7,,,2023.0
978-617-547-492-1,,Дітям до 4-х років,українська,,ЧП «Кристал Бук»,Самостійний малюк. Час у ліжко,,,2024.0
9786177846191,,Дітям 4-6 років,українська,,Ранок,Щенячий Патруль. Пригодницькі розмальовки. Час вечірки,,,2024.0
9789667513023,,Дітям до 4-х років,українська,,Ранок,Колосок,,,2023.0
978-617-7164-15-8,Карін-Марі Амйо,Дітям 7-12 років,українська,,Віват,Прекрасні бабусині казочки,,,2022.0
978-617-12-7677-2,Ґ. Мур,Дітям 7-12 років,українська,,КСД,Числові ігри для розумних дітей,,О. І. Оржицький,2020.0
978-617-585-254-5,Страуд Дж.,Дітям від 12 років,українська,,А-БА-БА-ГА-ЛА-МА-ГА,Агенція «Локвуд і Ко». Порожня могила. Книга 5,,,2023.0
978-617-548-150-9,"М. Міст, Т. Гуссунґ",Дітям 7-12 років,українська,,Bookchef,Маленька зла книжка. Книга 5,,,2023.0
978-966-7047-39-9,Дж. К. Ролінґ,Дітям від 12 років,українська,,А-БА-БА-ГА-ЛА-МА-ГА,Гаррі Поттер і філософський камінь. Книга 1,,,2019.0
978-617-679-646-6,Т. Янссон,Дітям 7-12 років,українська,,Видавництво Старого Лева,Країна Мумі-тролів. Книга 1,,,2004.0
9789664665237,,Дітям 4-6 років,українська,,Пегас,Мудрі казки,,,2022.0
9789669439543,,Дітям 4-6 років,українська,,Егмонт Україна,Принцеса. Колекція казок,,,2023.0
978-966-939-987-8,,Дітям 4-6 років,українська,,Навчальна література,"Я читаю самостійно. Великий шрифт (Хто вкрав сніг? + Той, хто боявся темряви + Таємниця розбитого дзеркала + Школа  крилатих піратів)",,,2021.0
